<?xml version="1.0" encoding="UTF-8" ?>
<OpenSearchDescription xmlns="http://a9.com/-/spec/opensearch/1.1/" xmlns:moz="http://www.mozilla.org/2006/browser/search/">
	<ShortName>athertonpolice</ShortName>
	<Description>Search Atherton Police Department - </Description>
	<Contact>support@wordpress.com</Contact>
	<Url type="application/atom+xml" template="http://athertonpolice.wordpress.com/?s={searchTerms}&amp;feed=atom"/>
	<Url type="application/rss+xml"  template="http://athertonpolice.wordpress.com/?s={searchTerms}&amp;feed=rss2"/>
	<Url type="text/html"            template="http://athertonpolice.wordpress.com/?s={searchTerms}" method="GET" />
	<Url type="application/opensearchdescription+xml" rel="self" template="/osd.xml" />
	<LongName>Atherton Police Department</LongName>
	<Image height="16" width="16" type="image/vnd.microsoft.icon">http://0.gravatar.com/blavatar/a3d079879b103a148dd27801b59774ba?s=16&#038;d=http%3A%2F%2Fathertonpolice.wordpress.com%2Ffavicon.ico</Image>
	<Image height="64" width="64" type="image/jpeg">http://0.gravatar.com/blavatar/ae17e035c113501da827b39b7ce5a84f?s=64&#038;d=http%3A%2F%2Fs0.wp.com%2Fi%2Flogo%2Fgray-white-transparent-64.png</Image>
	<Query role="example" searchTerms="photography" />
	<Tags>atherton-police citizenrims crime-mapping</Tags>
	<Developer>Automattic</Developer>
	<SyndicationRight>open</SyndicationRight>
	<AdultContent>false</AdultContent>
	<Language>en</Language>
	<OutputEncoding>UTF-8</OutputEncoding>
	<InputEncoding>UTF-8</InputEncoding>
	<moz:SearchForm>http://athertonpolice.wordpress.com</moz:SearchForm>
</OpenSearchDescription>
